<?xml version="1.0" encoding="UTF-8"?>
<Scenario>
	<General>
		<Sources>
			<Config type="adsb" active="false" sink="tcp" port="10300" ip=""/>
			<Config type="ais" active="false" sink="tcp" port="10200" ip=""/>
			<Config type="gps" active="true" sink="tcp" port="10400" ip=""/>
			<Config type="radar" active="false" sink="tcp" port="10500" ip=""/>															<!--GPS must be activated.-->
			<Config type="weather" active="false" sink="tcp" port="10600" ip=""/>														<!--GPS must be activated.-->
			<Config type="df" active="false" sink="tcp" port="10800" ip="" radius="25000" detection="single" gpsactivated="true"/>		<!--GPS must be activated.-->
		</Sources>
	</General>
	<Positions>
		<Position id="P1" lat="53.196338" lon="8.515231" name="1"/>
		<Position id="P2" lat="53.196297" lon="8.515760" name="2"/>
		<Position id="P3" lat="53.196383" lon="8.515880" name="3"/>
		<Position id="P4" lat="53.196512" lon="8.516063" name="4"/>
		<Position id="P5" lat="53.196605" lon="8.516259" name="5"/>
		<Position id="P6" lat="53.196868" lon="8.516536" name="6"/>
		<Position id="P7" lat="53.197087" lon="8.516576" name="7"/>
		<Position id="P8" lat="53.197253" lon="8.516684" name="8"/>
		<Position id="P9" lat="53.197508" lon="8.516705" name="9"/>
		<Position id="P10" lat="53.197751" lon="8.516826" name="10"/>
		<Position id="P11" lat="53.197945" lon="8.516840" name="11"/>
		<Position id="P12" lat="53.198103" lon="8.516894" name="12"/>
		<Position id="P13" lat="53.198314" lon="8.517036" name="13"/>
		<Position id="P14" lat="53.198460" lon="8.517103" name="14"/>
		<Position id="P15" lat="53.198557" lon="8.517239" name="15"/>
		<Position id="P16" lat="53.198622" lon="8.517509" name="16"/>
		<Position id="P17" lat="53.198658" lon="8.517836" name="17"/>
		<Position id="P18" lat="53.198626" lon="8.518174" name="18"/>
	</Positions>
	<Airplanes>
		<!-- Multiple airplanes -->
	</Airplanes>
	<Vessels>
		<!-- Multiple vessels -->
	</Vessels>
	<!-- Just one own vessel allowed. -->
	<OwnVessel initialDelay="1" repeatTrack="50" speed="1.7">
		<Path>
			<Point id="P1"/>
			<Point id="P2"/>
			<Point id="P3"/>
			<Point id="P4"/>
			<Point id="P5"/>
			<Point id="P6"/>
			<Point id="P7"/>
			<Point id="P8"/>
			<Point id="P9"/>
			<Point id="P10"/>
			<Point id="P11"/>
			<Point id="P12"/>
			<Point id="P13"/>
			<Point id="P14"/>
			<Point id="P15"/>
			<Point id="P16"/>
			<Point id="P17"/>
			<Point id="P18" pause="30"/>
			<Point id="P17"/>
			<Point id="P16"/>
			<Point id="P15"/>
			<Point id="P14"/>
			<Point id="P13"/>
			<Point id="P12"/>
			<Point id="P11"/>
			<Point id="P10"/>
			<Point id="P9"/>
			<Point id="P8"/>
			<Point id="P7"/>
			<Point id="P6"/>
			<Point id="P5"/>
			<Point id="P4"/>
			<Point id="P3"/>
			<Point id="P2"/>
			<Point id="P1" pause="30"/>
		</Path>
	</OwnVessel>
	<DirectionFinders>
	</DirectionFinders>
</Scenario>