<?xml version="1.0" encoding="UTF-8"?>
<Scenario>
	<General>
		<Sources>
			<Config type="adsb" active="false" sink="tcp" port="10300" ip=""/>
			<Config type="ais" active="true" sink="tcp" port="10200" ip=""/>
			<Config type="gps" active="false" sink="tcp" port="10500" ip=""/>
			<Config type="radar" active="false" sink="tcp" port="10400" ip=""/>															<!--GPS must be activated.-->
			<Config type="weather" active="false" sink="tcp" port="10600" ip=""/>														<!--GPS must be activated.-->
			<Config type="df" active="true" sink="tcp" port="10800" ip="" radius="25000" detection="single" gpsactivated="false"/>		<!--GPS must be activated.-->
		</Sources>
	</General>
	<Positions>
		<Position id="AISStart" lat="54.506026" lon="10.322122" name="Start"/>
		<Position id="AISEnd" lat="54.357601" lon="10.809684" name="End"/>
		<Position id="Peiler1" lat="54.423554" lon="10.390594" name="Holm"/>
		<Position id="Peiler2" lat="54.385233" lon="10.504080" name="Malmsteg"/>
		<Position id="Peiler3" lat="54.343220" lon="10.638118" name="Lippe"/>
	</Positions>
	<Airplanes>
	</Airplanes>
	<Vessels>
		<Vessel initialDelay="0" mmsi="222555888" imo="1000000" name="Ship1" speed="10.0" callsign="SHIPCS1" destination="Sea" draught="10" repeatTrack="1">
			<Path>
				<Point id="AISStart"/>
				<Point id="AISEnd"/>
			</Path>
		</Vessel>
		<!-- Multiple vessels -->
	</Vessels>
	<!-- Just one own vessel allowed. -->
	<OwnVessel initialDelay="1" repeatTrack="3" speed="1.7">
	</OwnVessel>
	<DirectionFinders>
		<DirectionFinder name="DF_Holm"  frequency="10000000" bandwidth="8000" radius="10000">
			<Point id="Peiler1"/>
		</DirectionFinder>
		<DirectionFinder name="DF_Malmsteg"  frequency="20000000" bandwidth="8000" radius="10000">
			<Point id="Peiler2"/>
		</DirectionFinder>
		<DirectionFinder name="DF_Lippe"  frequency="30000000" bandwidth="8000" radius="10000">
			<Point id="Peiler3"/>
		</DirectionFinder>
	</DirectionFinders>
</Scenario>