<?xml version="1.0" encoding="UTF-8"?>
<Scenario>
	<General>
		<Sources>
			<Config type="adsb" active="true" sink="tcp" port="10300" ip=""/>
			<Config type="ais" active="true" sink="tcp" port="10200" ip=""/>
			<Config type="gps" active="true" sink="tcp" port="10500" ip=""/>
			<Config type="radar" active="true" sink="tcp" port="10400" ip=""/>															<!--GPS must be activated.-->
			<Config type="weather" active="true" sink="tcp" port="10600" ip=""/>														<!--GPS must be activated.-->
			<Config type="df" active="true" sink="tcp" port="10800" ip="" radius="25000" detection="single" gpsactivated="true"/>		<!--GPS must be activated.-->
		</Sources>
	</General>
	<Positions>
		<Position id="P1" lat="54.351071" lon="10.169353" name="Kiel"/>
		<Position id="P2" lat="54.820815" lon="9.443042" name="Flensburg"/>
		<Position id="P3" lat="54.457157" lon="9.913648" name="Eckernfoerde"/>
		<Position id="P4" lat="56.084295" lon="15.564588" name="Karlskrona"/>
		<Position id="Q1" lat="54.868220" lon="9.550351" name="Gluecksburg"/>
		<Position id="Q2" lat="53.969231" lon="10.896883" name="Luebeck"/>
		<Position id="Q3" lat="55.546279" lon="12.866928" name="Malmoe"/>
		<Position id="Q4" lat="58.941282" lon="18.499777" name="Stockholm"/>
		<Position id="R1" lat="55.382220" lon="17.173313" name="BeiGdynia"/>
		<Position id="R2" lat="54.825008" lon="12.982523" name="BeiNykobing"/>
		<Position id="R3" lat="54.729238" lon="10.451684" name="BeiKiel"/>
	</Positions>
	<Airplanes>
		<Airplane initialDelay="5" hexident="HEX1" callsign="ACS1" repeatTrack="3">
			<Path>
				<Point id="P1"/>
				<Point id="P2"/>
				<Point id="P3"/>
				<Point id="P4"/>
			</Path>
		</Airplane>
		<Airplane hexident="HEX2" callsign="ACS2" initialDelay="1" repeatTrack="3">
			<Path>
				<Point id="P1"/>
				<Point id="P2"/>
				<Point id="P3"/>
				<Point id="P4"/>
				<Point id="P1"/>
			</Path>
		</Airplane>
		<!-- Multiple airplanes -->
	</Airplanes>
	<Vessels>
		<Vessel initialDelay="5" mmsi="222555888" imo="1000000" name="Ship1" speed="10.0" callsign="SHIPCS1" destination="Stockholm" draught="5" repeatTrack="3">
			<Path>
				<Point id="Q3"/>
				<Point id="R2"/>
				<Point id="R1"/>
				<Point id="Q4"/>
			</Path>
		</Vessel>
		<Vessel initialDelay="5" mmsi="123456788" imo="1000001" name="Ship2" speed="10.0" callsign="SHIPCS2" destination="Kiel" draught="5" repeatTrack="3">
			<Path>
				<Point id="Q1"/>
				<Point id="R3"/>
				<Point id="P1"/>
			</Path>
		</Vessel>
		<!-- Multiple vessels -->
	</Vessels>
	<!-- Just one own vessel allowed. -->
	<OwnVessel initialDelay="1" repeatTrack="3" speed="1.7">
		<Path>
			<Point id="R1"/>
			<Point id="R2"/>
		</Path>
	</OwnVessel>
	<DirectionFinders>
		<DirectionFinder name="dfname1" frequency="10000000" bandwidth="8000" radius="5000">
			<Point id="P1"/>
		</DirectionFinder>
		<DirectionFinder name="dfname2" frequency="10000000" bandwidth="8000" radius="5000">
			<Point id="P3"/>
		</DirectionFinder>
	</DirectionFinders>
</Scenario>