<?xml version="1.0" encoding="UTF-8"?>
<configuration>

	<statusListener class="ch.qos.logback.core.status.NopStatusListener" />

	<property name="LOG_PATTERN" value="%d{HH:mm:ss.SSS} [%-12.-12thread] %-5level %logger{5} - %msg%n" />

	<!-- Send messages to System.out -->
	<appender name="STDOUT" class="ch.qos.logback.core.ConsoleAppender">
		<encoder>
			<pattern>${LOG_PATTERN}</pattern>
		</encoder>
	</appender>

	<appender name="FILE" class="ch.qos.logback.core.rolling.RollingFileAppender">
		<file>${logPath}/simulator.log</file>
		<rollingPolicy class="ch.qos.logback.core.rolling.FixedWindowRollingPolicy">
			<fileNamePattern>${logPath}/simulator_.%i.log</fileNamePattern>
			<minIndex>1</minIndex>
			<maxIndex>10</maxIndex>
		</rollingPolicy>

		<triggeringPolicy class="ch.qos.logback.core.rolling.SizeBasedTriggeringPolicy">
			<maxFileSize>10MB</maxFileSize>
		</triggeringPolicy>

		<encoder>
			<pattern>${LOG_PATTERN}</pattern>
		</encoder>
	</appender>
    
	<root level="INFO">
		<appender-ref ref="STDOUT" />
		<appender-ref ref="FILE" />
	</root>

</configuration>